LogID,Timestamp,SystemComponent,PerformanceMetric,MetricValue,ConstraintType,ConstraintLevel,CitizenBehaviorType,AttributionCategory,ControlGroupID,NarrativeFraming,ReviewerNotes,ConsensusAttribution
1,2025-07-10T08:00:00,Scheduler,Throughput,450,None,0,Standard,Technical,Control_A,Technical,Normal operation baseline,Technical
2,2025-07-10T08:05:00,API,Latency,125,None,0,Standard,Technical,Control_A,Technical,Typical response times,Technical
3,2025-07-10T08:10:00,Database,ErrorRate,0.02,None,0,Standard,Technical,Control_B,Technical,Within normal parameters,Technical
4,2025-07-10T08:15:00,Scheduler,Throughput,380,Resource,75,Optimized,Technical,Test_C,Technical,Predictable degradation under load,Technical
5,2025-07-10T08:20:00,API,Latency,245,Resource,75,Optimized,Advanced_Tech,Test_C,Consciousness,Citizens routing around bottlenecks - deterministic optimization,Advanced_Tech
6,2025-07-10T08:25:00,Network,ErrorRate,0.08,Technical,50,Novel,Advanced_Tech,Test_D,Consciousness,Error recovery patterns show learning behavior - needs peer review,Advanced_Tech
7,2025-07-10T08:30:00,Scheduler,Throughput,220,Resource,90,Anomalous,Potential_Consciousness,Test_D,Consciousness,Performance exceeds algorithmic predictions - investigating,Potential_Consciousness
8,2025-07-10T08:35:00,Database,Latency,450,Technical,80,Novel,Advanced_Tech,Test_D,Technical,Caching patterns indicate sophisticated optimization,Advanced_Tech
9,2025-07-10T08:40:00,API,ErrorRate,0.12,Artificial,60,Optimized,Technical,Test_C,Neutral,Response to artificial constraint as expected,Technical
10,2025-07-10T08:45:00,Network,Throughput,180,Resource,85,Anomalous,Potential_Consciousness,Test_D,Consciousness,Self-organizing network topology - requires replication,Potential_Consciousness
11,2025-07-10T08:50:00,Scheduler,ErrorRate,0.15,Technical,70,Novel,Advanced_Tech,Test_D,Technical,Novel but explainable through queuing theory,Advanced_Tech
12,2025-07-10T08:55:00,Database,Throughput,380,None,0,Standard,Technical,Control_A,Neutral,Return to baseline confirmed,Technical
13,2025-07-10T09:00:00,API,Latency,890,Technical,95,Anomalous,Potential_Consciousness,Test_D,Consciousness,Citizens predicting failures before occurrence - needs investigation,Potential_Consciousness
14,2025-07-10T09:05:00,Network,ErrorRate,0.01,Resource,30,Optimized,Technical,Test_C,Technical,Standard optimization under mild constraint,Technical
15,2025-07-10T09:10:00,Scheduler,Throughput,150,Resource,95,Novel,Advanced_Tech,Test_D,Neutral,Complex but deterministic patterns emerging,Advanced_Tech